{"cameraMode":{"drawMode":0,"name":"Shaded","section":"Shading Mode"},"sceneLighting":true,"audioPlay":false,"sceneViewState":{"showFog":true,"showMaterialUpdate":false,"showSkybox":true,"showFlares":true,"showImageEffects":true,"showParticleSystems":true},"in2DMode":false,"pivot":{"x":-73.95410919189453,"y":15.0797119140625,"z":83.9649429321289},"rotation":{"x":0.646327018737793,"y":-0.013732759281992913,"z":0.011635150760412217,"w":0.7628487348556519},"size":682.9680786132813,"orthographic":false}